<?xml version="1.0" encoding="UTF-8" standalone="yes"?>

<addon id="plugin.video.defconconf"

       name="DEFCON-Conference"

       version="0.0.1" 

       provider-name="d1qqn">

  <requires>

   <import addon="xbmc.python" version="2.1.0"/>

  </requires>

  <extension point="xbmc.python.pluginsource" library="default.py">

        <provides>video</provides>

  </extension>

  <extension point="xbmc.addon.metadata">

    <summary lang="de">DEFCON Addon</summary>

    <description lang="de">:)</description>

    <source>https://github.com/d1qqn/Kodi-Addons/tree/main/plugin.video.defconconf/</source>

    <platform>all</platform>

 <language>de</language>

  </extension>

</addon>