<?xml version="1.0" encoding="UTF-8" standalone="yes"?>
<addon id="repository.d1qqn" name="d1qqns Add-ons" version="0.0.1" provider-name="d1qqn">
	<extension point="xbmc.addon.repository" name="d1qqn">
		<info compressed="true">https://raw.githubusercontent.com/d1qqn/Kodi-Addons/main/addons.xml</info>
		<checksum>https://raw.githubusercontent.com/d1qqn/Kodi-Addons/main/addons.xml.md5</checksum>
		<datadir zip="true">https://raw.githubusercontent.com/d1qqn/Kodi-Addons/main/</datadir>
	</extension>
	<extension point="xbmc.addon.metadata">
		<summary>x)</summary>
		<description>x)</description>
		<disclaimer></disclaimer>
		<platform>all</platform>
	</extension>
</addon>
